,precision,recall,f1-score,support
AnnualCrop,0.9662921348314607,0.979498861047836,0.9728506787330317,439.0
Forest,0.9866071428571429,0.9888143176733781,0.9877094972067039,447.0
HerbaceousVegetation,0.9608294930875576,0.9564220183486238,0.9586206896551724,436.0
Highway,0.9708994708994709,0.9812834224598931,0.976063829787234,374.0
Industrial,0.9919786096256684,0.9763157894736842,0.9840848806366048,380.0
Pasture,0.9700374531835206,0.9664179104477612,0.9682242990654205,268.0
PermanentCrop,0.9507772020725389,0.9607329842931938,0.9557291666666666,382.0
Residential,0.9929742388758782,0.986046511627907,0.9894982497082847,430.0
River,0.9761904761904762,0.9761904761904762,0.9761904761904762,420.0
SeaLake,0.9936305732484076,0.9873417721518988,0.9904761904761905,474.0
accuracy,0.9765432098765432,0.9765432098765432,0.9765432098765432,0.9765432098765432
macro avg,0.9760216794872123,0.9759064063714652,0.9759447958125784,4050.0
weighted avg,0.9766252631826547,0.9765432098765432,0.9765651744107813,4050.0
